,game_id,season,game_type,week,gameday,weekday,gametime,away_team,away_score,home_team,home_score,location,result,total,overtime,old_game_id,gsis,nfl_detail_id,pfr,pff,espn,ftn,away_rest,home_rest,away_moneyline,home_moneyline,spread_line,away_spread_odds,home_spread_odds,total_line,under_odds,over_odds,div_game,roof,surface,temp,wind,away_qb_id,home_qb_id,away_qb_name,home_qb_name,away_coach,home_coach,referee,stadium_id,stadium
6706,2024_01_BAL_KC,2024,REG,1,2024-09-05,Thursday,20:20,BAL,,KC,,Home,,,,2024090500,,,202409050kan,,401671789,,7,7,120.0,-142.0,2.5,-102.0,-118.0,46.5,-112.0,-108.0,0,outdoors,grass,,,,,,,John Harbaugh,Andy Reid,,KAN00,GEHA Field at Arrowhead Stadium
6707,2024_01_GB_PHI,2024,REG,1,2024-09-06,Friday,20:15,GB,,PHI,,Neutral,,,,2024090600,,,202409060phi,,401671805,,7,7,105.0,-125.0,2.0,-110.0,-110.0,48.5,-110.0,-110.0,0,outdoors,grass,,,,,,,Matt LaFleur,Nick Sirianni,,PHI00,Lincoln Financial Field
6708,2024_01_PIT_ATL,2024,REG,1,2024-09-08,Sunday,13:00,PIT,,ATL,,Home,,,,2024090800,,,202409080atl,,401671744,,7,7,110.0,-130.0,2.0,-110.0,-110.0,42.5,-105.0,-115.0,0,closed,fieldturf,,,,,,,Mike Tomlin,Raheem Morris,,ATL97,Mercedes-Benz Stadium
6709,2024_01_ARI_BUF,2024,REG,1,2024-09-08,Sunday,13:00,ARI,,BUF,,Home,,,,2024090801,,,202409080buf,,401671617,,7,7,225.0,-278.0,6.5,-110.0,-110.0,48.0,-110.0,-110.0,0,outdoors,a_turf,,,,,,,Jonathan Gannon,Sean McDermott,,BUF00,New Era Field
6710,2024_01_TEN_CHI,2024,REG,1,2024-09-08,Sunday,13:00,TEN,,CHI,,Home,,,,2024090802,,,202409080chi,,401671719,,7,7,164.0,-198.0,4.0,-108.0,-112.0,43.0,-108.0,-112.0,0,outdoors,grass,,,,,,,Brian Callahan,Matt Eberflus,,CHI98,Soldier Field
6711,2024_01_NE_CIN,2024,REG,1,2024-09-08,Sunday,13:00,NE,,CIN,,Home,,,,2024090803,,,202409080cin,,401671628,,7,7,350.0,-455.0,9.0,-110.0,-110.0,43.0,-110.0,-110.0,0,outdoors,fieldturf,,,,,,,Jerod Mayo,Zac Taylor,,CIN00,Paycor Stadium
6712,2024_01_HOU_IND,2024,REG,1,2024-09-08,Sunday,13:00,HOU,,IND,,Home,,,,2024090804,,,202409080clt,,401671861,,7,7,-122.0,102.0,-1.5,-110.0,-110.0,48.0,-110.0,-110.0,1,closed,fieldturf,,,,,,,DeMeco Ryans,Shane Steichen,,IND00,Lucas Oil Stadium
6713,2024_01_JAX_MIA,2024,REG,1,2024-09-08,Sunday,13:00,JAX,,MIA,,Home,,,,2024090805,,,202409080mia,,401671849,,7,7,150.0,-180.0,3.5,-110.0,-110.0,49.0,-110.0,-110.0,0,outdoors,grass,,,,,,,Doug Pederson,Mike McDaniel,,MIA00,Hard Rock Stadium
6714,2024_01_CAR_NO,2024,REG,1,2024-09-08,Sunday,13:00,CAR,,NO,,Home,,,,2024090806,,,202409080nor,,401671734,,7,7,180.0,-218.0,5.0,-112.0,-108.0,40.5,-110.0,-110.0,1,dome,sportturf,,,,,,,Dave Canales,Dennis Allen,,NOR00,Mercedes-Benz Superdome
6715,2024_01_MIN_NYG,2024,REG,1,2024-09-08,Sunday,13:00,MIN,,NYG,,Home,,,,2024090807,,,202409080nyg,,401671712,,7,7,-118.0,-102.0,-1.0,-110.0,-110.0,41.5,-110.0,-110.0,0,outdoors,fieldturf,,,,,,,Kevin O'Connell,Brian Daboll,,NYC01,MetLife Stadium
6716,2024_01_LV_LAC,2024,REG,1,2024-09-08,Sunday,16:05,LV,,LAC,,Home,,,,2024090808,,,202409080sdg,,401671659,,7,7,130.0,-155.0,3.0,-110.0,-110.0,42.5,-110.0,-110.0,1,dome,matrixturf,,,,,,,Antonio Pierce,Jim Harbaugh,,LAX01,SoFi Stadium
6717,2024_01_DEN_SEA,2024,REG,1,2024-09-08,Sunday,16:05,DEN,,SEA,,Home,,,,2024090809,,,202409080sea,,401671664,,7,7,170.0,-205.0,4.5,-105.0,-115.0,42.5,-110.0,-110.0,0,outdoors,fieldturf,,,,,,,Sean Payton,Mike Macdonald,,SEA00,Lumen Field
6718,2024_01_DAL_CLE,2024,REG,1,2024-09-08,Sunday,16:25,DAL,,CLE,,Home,,,,2024090810,,,202409080cle,,401671761,,7,7,110.0,-130.0,2.0,-110.0,-110.0,44.0,-108.0,-112.0,0,outdoors,grass,,,,,,,Mike McCarthy,Kevin Stefanski,,CLE00,FirstEnergy Stadium
6719,2024_01_WAS_TB,2024,REG,1,2024-09-08,Sunday,16:25,WAS,,TB,,Home,,,,2024090811,,,202409080tam,,401671770,,7,7,160.0,-192.0,3.5,-110.0,-110.0,41.5,-110.0,-110.0,0,outdoors,grass,,,,,,,Dan Quinn,Todd Bowles,,TAM00,Raymond James Stadium
6720,2024_01_LA_DET,2024,REG,1,2024-09-08,Sunday,20:20,LA,,DET,,Home,,,,2024090812,,,202409080det,,401671792,,7,7,164.0,-198.0,3.5,-112.0,-108.0,51.0,-110.0,-110.0,0,dome,fieldturf,,,,,,,Sean McVay,Dan Campbell,,DET00,Ford Field
6721,2024_01_NYJ_SF,2024,REG,1,2024-09-09,Monday,20:15,NYJ,,SF,,Home,,,,2024090900,,,202409090sfo,,401671696,,7,7,180.0,-218.0,5.0,-112.0,-108.0,44.5,-112.0,-108.0,0,outdoors,grass,,,,,,,Robert Saleh,Kyle Shanahan,,SFO01,Levi's Stadium
6722,2024_02_BUF_MIA,2024,REG,2,2024-09-12,Thursday,20:15,BUF,,MIA,,Home,,,,2024091200,,,202409120mia,,401671807,,4,4,,,,,,,,,1,outdoors,grass,,,,,,,Sean McDermott,Mike McDaniel,,MIA00,Hard Rock Stadium
6723,2024_02_LV_BAL,2024,REG,2,2024-09-15,Sunday,13:00,LV,,BAL,,Home,,,,2024091500,,,202409150rav,,401671624,,7,10,,,,,,,,,0,outdoors,grass,,,,,,,Antonio Pierce,John Harbaugh,,BAL00,M&T Bank Stadium
6724,2024_02_LAC_CAR,2024,REG,2,2024-09-15,Sunday,13:00,LAC,,CAR,,Home,,,,2024091501,,,202409150car,,401671652,,7,7,,,,,,,,,0,outdoors,grass,,,,,,,Jim Harbaugh,Dave Canales,,CAR00,Bank of America Stadium
6725,2024_02_NO_DAL,2024,REG,2,2024-09-15,Sunday,13:00,NO,,DAL,,Home,,,,2024091502,,,202409150dal,,401671709,,7,7,,,,,,,,,0,closed,matrixturf,,,,,,,Dennis Allen,Mike McCarthy,,DAL00,AT&T Stadium
6726,2024_02_TB_DET,2024,REG,2,2024-09-15,Sunday,13:00,TB,,DET,,Home,,,,2024091503,,,202409150det,,401671721,,7,7,,,,,,,,,0,dome,fieldturf,,,,,,,Todd Bowles,Dan Campbell,,DET00,Ford Field
6727,2024_02_IND_GB,2024,REG,2,2024-09-15,Sunday,13:00,IND,,GB,,Home,,,,2024091504,,,202409150gnb,,401671723,,7,9,,,,,,,,,0,outdoors,grass,,,,,,,Shane Steichen,Matt LaFleur,,GNB00,Lambeau Field
6728,2024_02_CLE_JAX,2024,REG,2,2024-09-15,Sunday,13:00,CLE,,JAX,,Home,,,,2024091505,,,202409150jax,,401671635,,7,7,,,,,,,,,0,outdoors,grass,,,,,,,Kevin Stefanski,Doug Pederson,,JAX00,TIAA Bank Stadium
6729,2024_02_SF_MIN,2024,REG,2,2024-09-15,Sunday,13:00,SF,,MIN,,Home,,,,2024091506,,,202409150min,,401671645,,6,7,,,,,,,,,0,dome,sportturf,,,,,,,Kyle Shanahan,Kevin O'Connell,,MIN01,U.S. Bank Stadium
6730,2024_02_SEA_NE,2024,REG,2,2024-09-15,Sunday,13:00,SEA,,NE,,Home,,,,2024091507,,,202409150nwe,,401671702,,7,7,,,,,,,,,0,outdoors,fieldturf,,,,,,,Mike Macdonald,Jerod Mayo,,BOS00,Gillette Stadium
6731,2024_02_NYJ_TEN,2024,REG,2,2024-09-15,Sunday,13:00,NYJ,,TEN,,Home,,,,2024091508,,,202409150oti,,401671636,,6,7,,,,,,,,,0,outdoors,grass,,,,,,,Robert Saleh,Brian Callahan,,NAS00,Nissan Stadium
6732,2024_02_NYG_WAS,2024,REG,2,2024-09-15,Sunday,13:00,NYG,,WAS,,Home,,,,2024091509,,,202409150was,,401671716,,7,7,,,,,,,,,1,outdoors,grass,,,,,,,Brian Daboll,Dan Quinn,,WAS00,FedExField
6733,2024_02_LA_ARI,2024,REG,2,2024-09-15,Sunday,16:05,LA,,ARI,,Home,,,,2024091510,,,202409150crd,,401671754,,7,7,,,,,,,,,1,closed,grass,,,,,,,Sean McVay,Jonathan Gannon,,PHO00,State Farm Stadium
6734,2024_02_PIT_DEN,2024,REG,2,2024-09-15,Sunday,16:25,PIT,,DEN,,Home,,,,2024091511,,,202409150den,,401671668,,7,7,,,,,,,,,0,outdoors,grass,,,,,,,Mike Tomlin,Sean Payton,,DEN00,Empower Field at Mile High
6735,2024_02_CIN_KC,2024,REG,2,2024-09-15,Sunday,16:25,CIN,,KC,,Home,,,,2024091512,,,202409150kan,,401671670,,7,10,,,,,,,,,0,outdoors,grass,,,,,,,Zac Taylor,Andy Reid,,KAN00,GEHA Field at Arrowhead Stadium
6736,2024_02_CHI_HOU,2024,REG,2,2024-09-15,Sunday,20:20,CHI,,HOU,,Home,,,,2024091513,,,202409150htx,,401671786,,7,7,,,,,,,,,0,closed,astroturf,,,,,,,Matt Eberflus,DeMeco Ryans,,HOU00,NRG Stadium
6737,2024_02_ATL_PHI,2024,REG,2,2024-09-16,Monday,20:15,ATL,,PHI,,Home,,,,2024091600,,,202409160phi,,401671691,,8,10,,,,,,,,,0,outdoors,grass,,,,,,,Raheem Morris,Nick Sirianni,,PHI00,Lincoln Financial Field
6738,2024_03_NE_NYJ,2024,REG,3,2024-09-19,Thursday,20:15,NE,,NYJ,,Home,,,,2024091900,,,202409190nyj,,401671808,,4,4,,,,,,,,,1,outdoors,fieldturf,,,,,,,Jerod Mayo,Robert Saleh,,NYC01,MetLife Stadium
6739,2024_03_NYG_CLE,2024,REG,3,2024-09-22,Sunday,13:00,NYG,,CLE,,Home,,,,2024092200,,,202409220cle,,401671855,,7,7,,,,,,,,,0,outdoors,grass,,,,,,,Brian Daboll,Kevin Stefanski,,CLE00,FirstEnergy Stadium
6740,2024_03_CHI_IND,2024,REG,3,2024-09-22,Sunday,13:00,CHI,,IND,,Home,,,,2024092201,,,202409220clt,,401671865,,7,7,,,,,,,,,0,closed,fieldturf,,,,,,,Matt Eberflus,Shane Steichen,,IND00,Lucas Oil Stadium
6741,2024_03_HOU_MIN,2024,REG,3,2024-09-22,Sunday,13:00,HOU,,MIN,,Home,,,,2024092202,,,202409220min,,401671646,,7,7,,,,,,,,,0,dome,sportturf,,,,,,,DeMeco Ryans,Kevin O'Connell,,MIN01,U.S. Bank Stadium
6742,2024_03_PHI_NO,2024,REG,3,2024-09-22,Sunday,13:00,PHI,,NO,,Home,,,,2024092203,,,202409220nor,,401671736,,6,7,,,,,,,,,0,dome,sportturf,,,,,,,Nick Sirianni,Dennis Allen,,NOR00,Mercedes-Benz Superdome
6743,2024_03_LAC_PIT,2024,REG,3,2024-09-22,Sunday,13:00,LAC,,PIT,,Home,,,,2024092204,,,202409220pit,,401671632,,7,7,,,,,,,,,0,outdoors,grass,,,,,,,Jim Harbaugh,Mike Tomlin,,PIT00,Acrisure Stadium
6744,2024_03_DEN_TB,2024,REG,3,2024-09-22,Sunday,13:00,DEN,,TB,,Home,,,,2024092205,,,202409220tam,,401671741,,7,7,,,,,,,,,0,outdoors,grass,,,,,,,Sean Payton,Todd Bowles,,TAM00,Raymond James Stadium
6745,2024_03_GB_TEN,2024,REG,3,2024-09-22,Sunday,13:00,GB,,TEN,,Home,,,,2024092206,,,202409220oti,,401671823,,7,7,,,,,,,,,0,outdoors,grass,,,,,,,Matt LaFleur,Brian Callahan,,NAS00,Nissan Stadium
6746,2024_03_CAR_LV,2024,REG,3,2024-09-22,Sunday,16:05,CAR,,LV,,Home,,,,2024092207,,,202409220rai,,401671658,,7,7,,,,,,,,,0,dome,grass,,,,,,,Dave Canales,Antonio Pierce,,VEG00,Allegiant Stadium
6747,2024_03_MIA_SEA,2024,REG,3,2024-09-22,Sunday,16:05,MIA,,SEA,,Home,,,,2024092208,,,202409220sea,,401671662,,10,7,,,,,,,,,0,outdoors,fieldturf,,,,,,,Mike McDaniel,Mike Macdonald,,SEA00,Lumen Field
6748,2024_03_DET_ARI,2024,REG,3,2024-09-22,Sunday,16:25,DET,,ARI,,Home,,,,2024092209,,,202409220crd,,401671771,,7,7,,,,,,,,,0,closed,grass,,,,,,,Dan Campbell,Jonathan Gannon,,PHO00,State Farm Stadium
6749,2024_03_BAL_DAL,2024,REG,3,2024-09-22,Sunday,16:25,BAL,,DAL,,Home,,,,2024092210,,,202409220dal,,401671763,,7,7,,,,,,,,,0,closed,matrixturf,,,,,,,John Harbaugh,Mike McCarthy,,DAL00,AT&T Stadium
6750,2024_03_SF_LA,2024,REG,3,2024-09-22,Sunday,16:25,SF,,LA,,Home,,,,2024092211,,,202409220ram,,401671772,,7,7,,,,,,,,,1,dome,matrixturf,,,,,,,Kyle Shanahan,Sean McVay,,LAX01,SoFi Stadium
6751,2024_03_KC_ATL,2024,REG,3,2024-09-22,Sunday,20:20,KC,,ATL,,Home,,,,2024092212,,,202409220atl,,401671793,,7,6,,,,,,,,,0,closed,fieldturf,,,,,,,Andy Reid,Raheem Morris,,ATL97,Mercedes-Benz Stadium
6752,2024_03_JAX_BUF,2024,REG,3,2024-09-23,Monday,19:30,JAX,,BUF,,Home,,,,2024092300,,,202409230buf,,401671682,,8,11,,,,,,,,,0,outdoors,a_turf,,,,,,,Doug Pederson,Sean McDermott,,BUF00,New Era Field
6753,2024_03_WAS_CIN,2024,REG,3,2024-09-23,Monday,20:15,WAS,,CIN,,Home,,,,2024092301,,,202409230cin,,401671490,,8,8,,,,,,,,,0,outdoors,fieldturf,,,,,,,Dan Quinn,Zac Taylor,,CIN00,Paycor Stadium
6754,2024_04_DAL_NYG,2024,REG,4,2024-09-26,Thursday,20:15,DAL,,NYG,,Home,,,,2024092600,,,202409260nyg,,401671812,,4,4,,,,,,,,,1,outdoors,fieldturf,,,,,,,Mike McCarthy,Brian Daboll,,NYC01,MetLife Stadium
6755,2024_04_NO_ATL,2024,REG,4,2024-09-29,Sunday,13:00,NO,,ATL,,Home,,,,2024092900,,,202409290atl,,401671727,,7,7,,,,,,,,,1,closed,fieldturf,,,,,,,Dennis Allen,Raheem Morris,,ATL97,Mercedes-Benz Stadium
6756,2024_04_CIN_CAR,2024,REG,4,2024-09-29,Sunday,13:00,CIN,,CAR,,Home,,,,2024092901,,,202409290car,,401671745,,6,7,,,,,,,,,0,outdoors,grass,,,,,,,Zac Taylor,Dave Canales,,CAR00,Bank of America Stadium
6757,2024_04_LA_CHI,2024,REG,4,2024-09-29,Sunday,13:00,LA,,CHI,,Home,,,,2024092902,,,202409290chi,,401671871,,7,7,,,,,,,,,0,outdoors,grass,,,,,,,Sean McVay,Matt Eberflus,,CHI98,Soldier Field
6758,2024_04_MIN_GB,2024,REG,4,2024-09-29,Sunday,13:00,MIN,,GB,,Home,,,,2024092903,,,202409290gnb,,401671643,,7,7,,,,,,,,,1,outdoors,grass,,,,,,,Kevin O'Connell,Matt LaFleur,,GNB00,Lambeau Field
6759,2024_04_JAX_HOU,2024,REG,4,2024-09-29,Sunday,13:00,JAX,,HOU,,Home,,,,2024092904,,,202409290htx,,401671857,,6,7,,,,,,,,,1,closed,astroturf,,,,,,,Doug Pederson,DeMeco Ryans,,HOU00,NRG Stadium
6760,2024_04_PIT_IND,2024,REG,4,2024-09-29,Sunday,13:00,PIT,,IND,,Home,,,,2024092905,,,202409290clt,,401671867,,7,7,,,,,,,,,0,closed,fieldturf,,,,,,,Mike Tomlin,Shane Steichen,,IND00,Lucas Oil Stadium
6761,2024_04_DEN_NYJ,2024,REG,4,2024-09-29,Sunday,13:00,DEN,,NYJ,,Home,,,,2024092906,,,202409290nyj,,401671622,,7,10,,,,,,,,,0,outdoors,fieldturf,,,,,,,Sean Payton,Robert Saleh,,NYC01,MetLife Stadium
6762,2024_04_PHI_TB,2024,REG,4,2024-09-29,Sunday,13:00,PHI,,TB,,Home,,,,2024092907,,,202409290tam,,401671740,,7,7,,,,,,,,,0,outdoors,grass,,,,,,,Nick Sirianni,Todd Bowles,,TAM00,Raymond James Stadium
6763,2024_04_WAS_ARI,2024,REG,4,2024-09-29,Sunday,16:05,WAS,,ARI,,Home,,,,2024092908,,,202409290crd,,401671755,,6,7,,,,,,,,,0,closed,grass,,,,,,,Dan Quinn,Jonathan Gannon,,PHO00,State Farm Stadium
6764,2024_04_NE_SF,2024,REG,4,2024-09-29,Sunday,16:05,NE,,SF,,Home,,,,2024092909,,,202409290sfo,,401671758,,10,7,,,,,,,,,0,outdoors,grass,,,,,,,Jerod Mayo,Kyle Shanahan,,SFO01,Levi's Stadium
6765,2024_04_KC_LAC,2024,REG,4,2024-09-29,Sunday,16:25,KC,,LAC,,Home,,,,2024092910,,,202409290sdg,,401671674,,7,7,,,,,,,,,1,dome,matrixturf,,,,,,,Andy Reid,Jim Harbaugh,,LAX01,SoFi Stadium
6766,2024_04_CLE_LV,2024,REG,4,2024-09-29,Sunday,16:25,CLE,,LV,,Home,,,,2024092911,,,202409290rai,,401671672,,7,7,,,,,,,,,0,dome,grass,,,,,,,Kevin Stefanski,Antonio Pierce,,VEG00,Allegiant Stadium
6767,2024_04_BUF_BAL,2024,REG,4,2024-09-29,Sunday,20:20,BUF,,BAL,,Home,,,,2024092912,,,202409290rav,,401671783,,6,7,,,,,,,,,0,outdoors,grass,,,,,,,Sean McDermott,John Harbaugh,,BAL00,M&T Bank Stadium
6768,2024_04_TEN_MIA,2024,REG,4,2024-09-30,Monday,19:30,TEN,,MIA,,Home,,,,2024093000,,,202409300mia,,401671683,,8,8,,,,,,,,,0,outdoors,grass,,,,,,,Brian Callahan,Mike McDaniel,,MIA00,Hard Rock Stadium
6769,2024_04_SEA_DET,2024,REG,4,2024-09-30,Monday,20:15,SEA,,DET,,Home,,,,2024093001,,,202409300det,,401671491,,8,8,,,,,,,,,0,dome,fieldturf,,,,,,,Mike Macdonald,Dan Campbell,,DET00,Ford Field
6770,2024_05_TB_ATL,2024,REG,5,2024-10-03,Thursday,20:15,TB,,ATL,,Home,,,,2024100300,,,202410030atl,,401671815,,4,4,,,,,,,,,1,closed,fieldturf,,,,,,,Todd Bowles,Raheem Morris,,ATL97,Mercedes-Benz Stadium
6771,2024_05_NYJ_MIN,2024,REG,5,2024-10-06,Sunday,09:30,NYJ,,MIN,,Neutral,,,,2024100600,,,202410060min,,401671804,,7,7,,,,,,,,,0,dome,sportturf,,,,,,,Robert Saleh,Kevin O'Connell,,MIN01,U.S. Bank Stadium
6772,2024_05_CAR_CHI,2024,REG,5,2024-10-06,Sunday,13:00,CAR,,CHI,,Home,,,,2024100601,,,202410060chi,,401671872,,7,7,,,,,,,,,0,outdoors,grass,,,,,,,Dave Canales,Matt Eberflus,,CHI98,Soldier Field
6773,2024_05_BAL_CIN,2024,REG,5,2024-10-06,Sunday,13:00,BAL,,CIN,,Home,,,,2024100602,,,202410060cin,,401671626,,7,7,,,,,,,,,1,outdoors,fieldturf,,,,,,,John Harbaugh,Zac Taylor,,CIN00,Paycor Stadium
6774,2024_05_BUF_HOU,2024,REG,5,2024-10-06,Sunday,13:00,BUF,,HOU,,Home,,,,2024100603,,,202410060htx,,401671859,,7,7,,,,,,,,,0,closed,astroturf,,,,,,,Sean McDermott,DeMeco Ryans,,HOU00,NRG Stadium
6775,2024_05_IND_JAX,2024,REG,5,2024-10-06,Sunday,13:00,IND,,JAX,,Home,,,,2024100604,,,202410060jax,,401671633,,7,7,,,,,,,,,1,outdoors,grass,,,,,,,Shane Steichen,Doug Pederson,,JAX00,TIAA Bank Stadium
6776,2024_05_MIA_NE,2024,REG,5,2024-10-06,Sunday,13:00,MIA,,NE,,Home,,,,2024100605,,,202410060nwe,,401671700,,6,7,,,,,,,,,1,outdoors,fieldturf,,,,,,,Mike McDaniel,Jerod Mayo,,BOS00,Gillette Stadium
6777,2024_05_CLE_WAS,2024,REG,5,2024-10-06,Sunday,13:00,CLE,,WAS,,Home,,,,2024100606,,,202410060was,,401671718,,7,7,,,,,,,,,0,outdoors,grass,,,,,,,Kevin Stefanski,Dan Quinn,,WAS00,FedExField
6778,2024_05_LV_DEN,2024,REG,5,2024-10-06,Sunday,16:05,LV,,DEN,,Home,,,,2024100607,,,202410060den,,401671747,,7,7,,,,,,,,,1,outdoors,grass,,,,,,,Antonio Pierce,Sean Payton,,DEN00,Empower Field at Mile High
6779,2024_05_ARI_SF,2024,REG,5,2024-10-06,Sunday,16:05,ARI,,SF,,Home,,,,2024100608,,,202410060sfo,,401671756,,7,7,,,,,,,,,1,outdoors,grass,,,,,,,Jonathan Gannon,Kyle Shanahan,,SFO01,Levi's Stadium
6780,2024_05_GB_LA,2024,REG,5,2024-10-06,Sunday,16:25,GB,,LA,,Home,,,,2024100609,,,202410060ram,,401671679,,7,7,,,,,,,,,0,dome,matrixturf,,,,,,,Matt LaFleur,Sean McVay,,LAX01,SoFi Stadium
6781,2024_05_NYG_SEA,2024,REG,5,2024-10-06,Sunday,16:25,NYG,,SEA,,Home,,,,2024100610,,,202410060sea,,401671680,,10,6,,,,,,,,,0,outdoors,fieldturf,,,,,,,Brian Daboll,Mike Macdonald,,SEA00,Lumen Field
6782,2024_05_DAL_PIT,2024,REG,5,2024-10-06,Sunday,20:20,DAL,,PIT,,Home,,,,2024100611,,,202410060pit,,401671784,,10,7,,,,,,,,,0,outdoors,grass,,,,,,,Mike McCarthy,Mike Tomlin,,PIT00,Acrisure Stadium
6783,2024_05_NO_KC,2024,REG,5,2024-10-07,Monday,20:15,NO,,KC,,Home,,,,2024100700,,,202410070kan,,401671687,,8,8,,,,,,,,,0,outdoors,grass,,,,,,,Dennis Allen,Andy Reid,,KAN00,GEHA Field at Arrowhead Stadium
6784,2024_06_SF_SEA,2024,REG,6,2024-10-10,Thursday,20:15,SF,,SEA,,Home,,,,2024101000,,,202410100sea,,401671819,,4,4,,,,,,,,,1,outdoors,fieldturf,,,,,,,Kyle Shanahan,Mike Macdonald,,SEA00,Lumen Field
6785,2024_06_JAX_CHI,2024,REG,6,2024-10-13,Sunday,09:30,JAX,,CHI,,Neutral,,,,2024101300,,,202410130chi,,401671802,,7,7,,,,,,,,,0,outdoors,grass,,,,,,,Doug Pederson,Matt Eberflus,,CHI98,Soldier Field
6786,2024_06_WAS_BAL,2024,REG,6,2024-10-13,Sunday,13:00,WAS,,BAL,,Home,,,,2024101301,,,202410130rav,,401671625,,7,7,,,,,,,,,0,outdoors,grass,,,,,,,Dan Quinn,John Harbaugh,,BAL00,M&T Bank Stadium
6787,2024_06_ARI_GB,2024,REG,6,2024-10-13,Sunday,13:00,ARI,,GB,,Home,,,,2024101302,,,202410130gnb,,401671722,,7,7,,,,,,,,,0,outdoors,grass,,,,,,,Jonathan Gannon,Matt LaFleur,,GNB00,Lambeau Field
6788,2024_06_HOU_NE,2024,REG,6,2024-10-13,Sunday,13:00,HOU,,NE,,Home,,,,2024101303,,,202410130nwe,,401671619,,7,7,,,,,,,,,0,outdoors,fieldturf,,,,,,,DeMeco Ryans,Jerod Mayo,,BOS00,Gillette Stadium
6789,2024_06_TB_NO,2024,REG,6,2024-10-13,Sunday,13:00,TB,,NO,,Home,,,,2024101304,,,202410130nor,,401671735,,10,6,,,,,,,,,1,dome,sportturf,,,,,,,Todd Bowles,Dennis Allen,,NOR00,Mercedes-Benz Superdome
6790,2024_06_CLE_PHI,2024,REG,6,2024-10-13,Sunday,13:00,CLE,,PHI,,Home,,,,2024101305,,,202410130phi,,401671714,,7,14,,,,,,,,,0,outdoors,grass,,,,,,,Kevin Stefanski,Nick Sirianni,,PHI00,Lincoln Financial Field
6791,2024_06_IND_TEN,2024,REG,6,2024-10-13,Sunday,13:00,IND,,TEN,,Home,,,,2024101306,,,202410130oti,,401671820,,7,13,,,,,,,,,1,outdoors,grass,,,,,,,Shane Steichen,Brian Callahan,,NAS00,Nissan Stadium
6792,2024_06_LAC_DEN,2024,REG,6,2024-10-13,Sunday,16:05,LAC,,DEN,,Home,,,,2024101307,,,202410130den,,401671655,,14,7,,,,,,,,,1,outdoors,grass,,,,,,,Jim Harbaugh,Sean Payton,,DEN00,Empower Field at Mile High
6793,2024_06_PIT_LV,2024,REG,6,2024-10-13,Sunday,16:05,PIT,,LV,,Home,,,,2024101308,,,202410130rai,,401671657,,7,7,,,,,,,,,0,dome,grass,,,,,,,Mike Tomlin,Antonio Pierce,,VEG00,Allegiant Stadium
6794,2024_06_ATL_CAR,2024,REG,6,2024-10-13,Sunday,16:25,ATL,,CAR,,Home,,,,2024101309,,,202410130car,,401671769,,10,7,,,,,,,,,1,outdoors,grass,,,,,,,Raheem Morris,Dave Canales,,CAR00,Bank of America Stadium
6795,2024_06_DET_DAL,2024,REG,6,2024-10-13,Sunday,16:25,DET,,DAL,,Home,,,,2024101310,,,202410130dal,,401671764,,13,7,,,,,,,,,0,closed,matrixturf,,,,,,,Dan Campbell,Mike McCarthy,,DAL00,AT&T Stadium
6796,2024_06_CIN_NYG,2024,REG,6,2024-10-13,Sunday,20:20,CIN,,NYG,,Home,,,,2024101311,,,202410130nyg,,401671791,,7,7,,,,,,,,,0,outdoors,fieldturf,,,,,,,Zac Taylor,Brian Daboll,,NYC01,MetLife Stadium
6797,2024_06_BUF_NYJ,2024,REG,6,2024-10-14,Monday,20:15,BUF,,NYJ,,Home,,,,2024101400,,,202410140nyj,,401671684,,8,8,,,,,,,,,1,outdoors,fieldturf,,,,,,,Sean McDermott,Robert Saleh,,NYC01,MetLife Stadium
6798,2024_07_DEN_NO,2024,REG,7,2024-10-17,Thursday,20:15,DEN,,NO,,Home,,,,2024101700,,,202410170nor,,401671816,,4,4,,,,,,,,,0,dome,sportturf,,,,,,,Sean Payton,Dennis Allen,,NOR00,Mercedes-Benz Superdome
6799,2024_07_NE_JAX,2024,REG,7,2024-10-20,Sunday,09:30,NE,,JAX,,Neutral,,,,2024102000,,,202410200jax,,401671801,,7,7,,,,,,,,,0,outdoors,grass,,,,,,,Jerod Mayo,Doug Pederson,,JAX00,TIAA Bank Stadium
6800,2024_07_SEA_ATL,2024,REG,7,2024-10-20,Sunday,13:00,SEA,,ATL,,Home,,,,2024102001,,,202410200atl,,401671730,,10,7,,,,,,,,,0,closed,fieldturf,,,,,,,Mike Macdonald,Raheem Morris,,ATL97,Mercedes-Benz Stadium
6801,2024_07_TEN_BUF,2024,REG,7,2024-10-20,Sunday,13:00,TEN,,BUF,,Home,,,,2024102002,,,202410200buf,,401671616,,7,6,,,,,,,,,0,outdoors,a_turf,,,,,,,Brian Callahan,Sean McDermott,,BUF00,New Era Field
6802,2024_07_CIN_CLE,2024,REG,7,2024-10-20,Sunday,13:00,CIN,,CLE,,Home,,,,2024102003,,,202410200cle,,401671853,,7,7,,,,,,,,,1,outdoors,grass,,,,,,,Zac Taylor,Kevin Stefanski,,CLE00,FirstEnergy Stadium
6803,2024_07_HOU_GB,2024,REG,7,2024-10-20,Sunday,13:00,HOU,,GB,,Home,,,,2024102004,,,202410200gnb,,401671644,,7,7,,,,,,,,,0,outdoors,grass,,,,,,,DeMeco Ryans,Matt LaFleur,,GNB00,Lambeau Field
6804,2024_07_MIA_IND,2024,REG,7,2024-10-20,Sunday,13:00,MIA,,IND,,Home,,,,2024102005,,,202410200clt,,401671864,,14,7,,,,,,,,,0,closed,fieldturf,,,,,,,Mike McDaniel,Shane Steichen,,IND00,Lucas Oil Stadium
6805,2024_07_DET_MIN,2024,REG,7,2024-10-20,Sunday,13:00,DET,,MIN,,Home,,,,2024102006,,,202410200min,,401671724,,7,14,,,,,,,,,1,dome,sportturf,,,,,,,Dan Campbell,Kevin O'Connell,,MIN01,U.S. Bank Stadium
6806,2024_07_PHI_NYG,2024,REG,7,2024-10-20,Sunday,13:00,PHI,,NYG,,Home,,,,2024102007,,,202410200nyg,,401671710,,7,7,,,,,,,,,1,outdoors,fieldturf,,,,,,,Nick Sirianni,Brian Daboll,,NYC01,MetLife Stadium
6807,2024_07_LV_LA,2024,REG,7,2024-10-20,Sunday,16:05,LV,,LA,,Home,,,,2024102008,,,202410200ram,,401671663,,7,14,,,,,,,,,0,dome,matrixturf,,,,,,,Antonio Pierce,Sean McVay,,LAX01,SoFi Stadium
6808,2024_07_CAR_WAS,2024,REG,7,2024-10-20,Sunday,16:05,CAR,,WAS,,Home,,,,2024102009,,,202410200was,,401671640,,7,7,,,,,,,,,0,outdoors,grass,,,,,,,Dave Canales,Dan Quinn,,WAS00,FedExField
6809,2024_07_KC_SF,2024,REG,7,2024-10-20,Sunday,16:25,KC,,SF,,Home,,,,2024102010,,,202410200sfo,,401671777,,13,10,,,,,,,,,0,outdoors,grass,,,,,,,Andy Reid,Kyle Shanahan,,SFO01,Levi's Stadium
6810,2024_07_NYJ_PIT,2024,REG,7,2024-10-20,Sunday,20:20,NYJ,,PIT,,Home,,,,2024102011,,,202410200pit,,401671785,,6,7,,,,,,,,,0,outdoors,grass,,,,,,,Robert Saleh,Mike Tomlin,,PIT00,Acrisure Stadium
6811,2024_07_BAL_TB,2024,REG,7,2024-10-21,Monday,20:15,BAL,,TB,,Home,,,,2024102100,,,202410210tam,,401671695,,8,8,,,,,,,,,0,outdoors,grass,,,,,,,John Harbaugh,Todd Bowles,,TAM00,Raymond James Stadium
6812,2024_07_LAC_ARI,2024,REG,7,2024-10-21,Monday,21:00,LAC,,ARI,,Home,,,,2024102101,,,202410210crd,,401671699,,8,8,,,,,,,,,0,closed,grass,,,,,,,Jim Harbaugh,Jonathan Gannon,,PHO00,State Farm Stadium
6813,2024_08_MIN_LA,2024,REG,8,2024-10-24,Thursday,20:15,MIN,,LA,,Home,,,,2024102400,,,202410240ram,,401671817,,4,4,,,,,,,,,0,dome,matrixturf,,,,,,,Kevin O'Connell,Sean McVay,,LAX01,SoFi Stadium
6814,2024_08_BAL_CLE,2024,REG,8,2024-10-27,Sunday,13:00,BAL,,CLE,,Home,,,,2024102700,,,202410270cle,,401671852,,6,7,,,,,,,,,1,outdoors,grass,,,,,,,John Harbaugh,Kevin Stefanski,,CLE00,FirstEnergy Stadium
6815,2024_08_TEN_DET,2024,REG,8,2024-10-27,Sunday,13:00,TEN,,DET,,Home,,,,2024102701,,,202410270det,,401671720,,7,7,,,,,,,,,0,dome,fieldturf,,,,,,,Brian Callahan,Dan Campbell,,DET00,Ford Field
6816,2024_08_IND_HOU,2024,REG,8,2024-10-27,Sunday,13:00,IND,,HOU,,Home,,,,2024102702,,,202410270htx,,401671856,,7,7,,,,,,,,,1,closed,astroturf,,,,,,,Shane Steichen,DeMeco Ryans,,HOU00,NRG Stadium
6817,2024_08_GB_JAX,2024,REG,8,2024-10-27,Sunday,13:00,GB,,JAX,,Home,,,,2024102703,,,202410270jax,,401671707,,7,7,,,,,,,,,0,outdoors,grass,,,,,,,Matt LaFleur,Doug Pederson,,JAX00,TIAA Bank Stadium
6818,2024_08_ARI_MIA,2024,REG,8,2024-10-27,Sunday,13:00,ARI,,MIA,,Home,,,,2024102704,,,202410270mia,,401671850,,6,7,,,,,,,,,0,outdoors,grass,,,,,,,Jonathan Gannon,Mike McDaniel,,MIA00,Hard Rock Stadium
6819,2024_08_NYJ_NE,2024,REG,8,2024-10-27,Sunday,13:00,NYJ,,NE,,Home,,,,2024102705,,,202410270nwe,,401671618,,7,7,,,,,,,,,1,outdoors,fieldturf,,,,,,,Robert Saleh,Jerod Mayo,,BOS00,Gillette Stadium
6820,2024_08_ATL_TB,2024,REG,8,2024-10-27,Sunday,13:00,ATL,,TB,,Home,,,,2024102706,,,202410270tam,,401671739,,7,6,,,,,,,,,1,outdoors,grass,,,,,,,Raheem Morris,Todd Bowles,,TAM00,Raymond James Stadium
6821,2024_08_CHI_WAS,2024,REG,8,2024-10-27,Sunday,13:00,CHI,,WAS,,Home,,,,2024102707,,,202410270was,,401671599,,14,7,,,,,,,,,0,outdoors,grass,,,,,,,Matt Eberflus,Dan Quinn,,WAS00,FedExField
6822,2024_08_NO_LAC,2024,REG,8,2024-10-27,Sunday,16:05,NO,,LAC,,Home,,,,2024102708,,,202410270sdg,,401671750,,10,6,,,,,,,,,0,dome,matrixturf,,,,,,,Dennis Allen,Jim Harbaugh,,LAX01,SoFi Stadium
6823,2024_08_BUF_SEA,2024,REG,8,2024-10-27,Sunday,16:05,BUF,,SEA,,Home,,,,2024102709,,,202410270sea,,401671760,,7,7,,,,,,,,,0,outdoors,fieldturf,,,,,,,Sean McDermott,Mike Macdonald,,SEA00,Lumen Field
6824,2024_08_PHI_CIN,2024,REG,8,2024-10-27,Sunday,16:25,PHI,,CIN,,Home,,,,2024102710,,,202410270cin,,401671667,,7,7,,,,,,,,,0,outdoors,fieldturf,,,,,,,Nick Sirianni,Zac Taylor,,CIN00,Paycor Stadium
6825,2024_08_CAR_DEN,2024,REG,8,2024-10-27,Sunday,16:25,CAR,,DEN,,Home,,,,2024102711,,,202410270den,,401671600,,7,10,,,,,,,,,0,outdoors,grass,,,,,,,Dave Canales,Sean Payton,,DEN00,Empower Field at Mile High
6826,2024_08_KC_LV,2024,REG,8,2024-10-27,Sunday,16:25,KC,,LV,,Home,,,,2024102712,,,202410270rai,,401671671,,7,7,,,,,,,,,1,dome,grass,,,,,,,Andy Reid,Antonio Pierce,,VEG00,Allegiant Stadium
6827,2024_08_DAL_SF,2024,REG,8,2024-10-27,Sunday,20:20,DAL,,SF,,Home,,,,2024102713,,,202410270sfo,,401671795,,14,7,,,,,,,,,0,outdoors,grass,,,,,,,Mike McCarthy,Kyle Shanahan,,SFO01,Levi's Stadium
6828,2024_08_NYG_PIT,2024,REG,8,2024-10-28,Monday,20:15,NYG,,PIT,,Home,,,,2024102800,,,202410280pit,,401671685,,8,8,,,,,,,,,0,outdoors,grass,,,,,,,Brian Daboll,Mike Tomlin,,PIT00,Acrisure Stadium
6829,2024_09_HOU_NYJ,2024,REG,9,2024-10-31,Thursday,20:15,HOU,,NYJ,,Home,,,,2024103100,,,202410310nyj,,401671809,,4,4,,,,,,,,,0,outdoors,fieldturf,,,,,,,DeMeco Ryans,Robert Saleh,,NYC01,MetLife Stadium
6830,2024_09_DAL_ATL,2024,REG,9,2024-11-03,Sunday,13:00,DAL,,ATL,,Home,,,,2024110300,,,202411030atl,,401671728,,7,7,,,,,,,,,0,closed,fieldturf,,,,,,,Mike McCarthy,Raheem Morris,,ATL97,Mercedes-Benz Stadium
6831,2024_09_DEN_BAL,2024,REG,9,2024-11-03,Sunday,13:00,DEN,,BAL,,Home,,,,2024110301,,,202411030rav,,401671623,,7,7,,,,,,,,,0,outdoors,grass,,,,,,,Sean Payton,John Harbaugh,,BAL00,M&T Bank Stadium
6832,2024_09_MIA_BUF,2024,REG,9,2024-11-03,Sunday,13:00,MIA,,BUF,,Home,,,,2024110302,,,202411030buf,,401671493,,7,7,,,,,,,,,1,outdoors,a_turf,,,,,,,Mike McDaniel,Sean McDermott,,BUF00,New Era Field
6833,2024_09_NO_CAR,2024,REG,9,2024-11-03,Sunday,13:00,NO,,CAR,,Home,,,,2024110303,,,202411030car,,401671650,,7,7,,,,,,,,,1,outdoors,grass,,,,,,,Dennis Allen,Dave Canales,,CAR00,Bank of America Stadium
6834,2024_09_LV_CIN,2024,REG,9,2024-11-03,Sunday,13:00,LV,,CIN,,Home,,,,2024110304,,,202411030cin,,401671704,,7,7,,,,,,,,,0,outdoors,fieldturf,,,,,,,Antonio Pierce,Zac Taylor,,CIN00,Paycor Stadium
6835,2024_09_LAC_CLE,2024,REG,9,2024-11-03,Sunday,13:00,LAC,,CLE,,Home,,,,2024110305,,,202411030cle,,401671629,,7,7,,,,,,,,,0,outdoors,grass,,,,,,,Jim Harbaugh,Kevin Stefanski,,CLE00,FirstEnergy Stadium
6836,2024_09_IND_MIN,2024,REG,9,2024-11-03,Sunday,13:00,IND,,MIN,,Home,,,,2024110306,,,202411030min,,401671647,,7,10,,,,,,,,,0,dome,sportturf,,,,,,,Shane Steichen,Kevin O'Connell,,MIN01,U.S. Bank Stadium
6837,2024_09_WAS_NYG,2024,REG,9,2024-11-03,Sunday,13:00,WAS,,NYG,,Home,,,,2024110307,,,202411030nyg,,401671711,,7,6,,,,,,,,,1,outdoors,fieldturf,,,,,,,Dan Quinn,Brian Daboll,,NYC01,MetLife Stadium
6838,2024_09_NE_TEN,2024,REG,9,2024-11-03,Sunday,13:00,NE,,TEN,,Home,,,,2024110308,,,202411030oti,,401671822,,7,7,,,,,,,,,0,outdoors,grass,,,,,,,Jerod Mayo,Brian Callahan,,NAS00,Nissan Stadium
6839,2024_09_CHI_ARI,2024,REG,9,2024-11-03,Sunday,16:05,CHI,,ARI,,Home,,,,2024110309,,,202411030crd,,401671661,,7,7,,,,,,,,,0,closed,grass,,,,,,,Matt Eberflus,Jonathan Gannon,,PHO00,State Farm Stadium
6840,2024_09_DET_GB,2024,REG,9,2024-11-03,Sunday,16:25,DET,,GB,,Home,,,,2024110310,,,202411030gnb,,401671767,,7,7,,,,,,,,,1,outdoors,grass,,,,,,,Dan Campbell,Matt LaFleur,,GNB00,Lambeau Field
6841,2024_09_LA_SEA,2024,REG,9,2024-11-03,Sunday,16:25,LA,,SEA,,Home,,,,2024110311,,,202411030sea,,401671776,,10,7,,,,,,,,,1,outdoors,fieldturf,,,,,,,Sean McVay,Mike Macdonald,,SEA00,Lumen Field
6842,2024_09_JAX_PHI,2024,REG,9,2024-11-03,Sunday,20:20,JAX,,PHI,,Home,,,,2024110312,,,202411030phi,,401671797,,7,7,,,,,,,,,0,outdoors,grass,,,,,,,Doug Pederson,Nick Sirianni,,PHI00,Lincoln Financial Field
6843,2024_09_TB_KC,2024,REG,9,2024-11-04,Monday,20:15,TB,,KC,,Home,,,,2024110400,,,202411040kan,,401671688,,8,8,,,,,,,,,0,outdoors,grass,,,,,,,Todd Bowles,Andy Reid,,KAN00,GEHA Field at Arrowhead Stadium
6844,2024_10_CIN_BAL,2024,REG,10,2024-11-07,Thursday,20:15,CIN,,BAL,,Home,,,,2024110700,,,202411070rav,,401671810,,4,4,,,,,,,,,1,outdoors,grass,,,,,,,Zac Taylor,John Harbaugh,,BAL00,M&T Bank Stadium
6845,2024_10_NYG_CAR,2024,REG,10,2024-11-10,Sunday,09:30,NYG,,CAR,,Neutral,,,,2024111000,,,202411100car,,401671803,,7,7,,,,,,,,,0,outdoors,grass,,,,,,,Brian Daboll,Dave Canales,,CAR00,Bank of America Stadium
6846,2024_10_NE_CHI,2024,REG,10,2024-11-10,Sunday,13:00,NE,,CHI,,Home,,,,2024111001,,,202411100chi,,401671873,,7,7,,,,,,,,,0,outdoors,grass,,,,,,,Jerod Mayo,Matt Eberflus,,CHI98,Soldier Field
6847,2024_10_BUF_IND,2024,REG,10,2024-11-10,Sunday,13:00,BUF,,IND,,Home,,,,2024111002,,,202411100clt,,401671863,,7,7,,,,,,,,,0,closed,fieldturf,,,,,,,Sean McDermott,Shane Steichen,,IND00,Lucas Oil Stadium
6848,2024_10_MIN_JAX,2024,REG,10,2024-11-10,Sunday,13:00,MIN,,JAX,,Home,,,,2024111003,,,202411100jax,,401671708,,7,7,,,,,,,,,0,outdoors,grass,,,,,,,Kevin O'Connell,Doug Pederson,,JAX00,TIAA Bank Stadium
6849,2024_10_DEN_KC,2024,REG,10,2024-11-10,Sunday,13:00,DEN,,KC,,Home,,,,2024111004,,,202411100kan,,401671637,,7,6,,,,,,,,,1,outdoors,grass,,,,,,,Sean Payton,Andy Reid,,KAN00,GEHA Field at Arrowhead Stadium
6850,2024_10_ATL_NO,2024,REG,10,2024-11-10,Sunday,13:00,ATL,,NO,,Home,,,,2024111005,,,202411100nor,,401671733,,7,7,,,,,,,,,1,dome,sportturf,,,,,,,Raheem Morris,Dennis Allen,,NOR00,Mercedes-Benz Superdome
6851,2024_10_SF_TB,2024,REG,10,2024-11-10,Sunday,13:00,SF,,TB,,Home,,,,2024111006,,,202411100tam,,401671742,,14,6,,,,,,,,,0,outdoors,grass,,,,,,,Kyle Shanahan,Todd Bowles,,TAM00,Raymond James Stadium
6852,2024_10_PIT_WAS,2024,REG,10,2024-11-10,Sunday,13:00,PIT,,WAS,,Home,,,,2024111007,,,202411100was,,401671641,,13,7,,,,,,,,,0,outdoors,grass,,,,,,,Mike Tomlin,Dan Quinn,,WAS00,FedExField
6853,2024_10_TEN_LAC,2024,REG,10,2024-11-10,Sunday,16:05,TEN,,LAC,,Home,,,,2024111008,,,202411100sdg,,401671751,,7,7,,,,,,,,,0,dome,matrixturf,,,,,,,Brian Callahan,Jim Harbaugh,,LAX01,SoFi Stadium
6854,2024_10_NYJ_ARI,2024,REG,10,2024-11-10,Sunday,16:25,NYJ,,ARI,,Home,,,,2024111009,,,202411100crd,,401671678,,10,7,,,,,,,,,0,closed,grass,,,,,,,Robert Saleh,Jonathan Gannon,,PHO00,State Farm Stadium
6855,2024_10_PHI_DAL,2024,REG,10,2024-11-10,Sunday,16:25,PHI,,DAL,,Home,,,,2024111010,,,202411100dal,,401671676,,7,7,,,,,,,,,1,closed,matrixturf,,,,,,,Nick Sirianni,Mike McCarthy,,DAL00,AT&T Stadium
6856,2024_10_DET_HOU,2024,REG,10,2024-11-10,Sunday,20:20,DET,,HOU,,Home,,,,2024111011,,,202411100htx,,401671787,,7,10,,,,,,,,,0,closed,astroturf,,,,,,,Dan Campbell,DeMeco Ryans,,HOU00,NRG Stadium
6857,2024_10_MIA_LA,2024,REG,10,2024-11-11,Monday,20:15,MIA,,LA,,Home,,,,2024111100,,,202411110ram,,401671693,,8,8,,,,,,,,,0,dome,matrixturf,,,,,,,Mike McDaniel,Sean McVay,,LAX01,SoFi Stadium
6858,2024_11_WAS_PHI,2024,REG,11,2024-11-14,Thursday,20:15,WAS,,PHI,,Home,,,,2024111400,,,202411140phi,,401671813,,4,4,,,,,,,,,1,outdoors,grass,,,,,,,Dan Quinn,Nick Sirianni,,PHI00,Lincoln Financial Field
6859,2024_11_GB_CHI,2024,REG,11,2024-11-17,Sunday,13:00,GB,,CHI,,Home,,,,2024111700,,,202411170chi,,401671869,,14,7,,,,,,,,,1,outdoors,grass,,,,,,,Matt LaFleur,Matt Eberflus,,CHI98,Soldier Field
6860,2024_11_JAX_DET,2024,REG,11,2024-11-17,Sunday,13:00,JAX,,DET,,Home,,,,2024111701,,,202411170det,,401671642,,7,7,,,,,,,,,0,dome,fieldturf,,,,,,,Doug Pederson,Dan Campbell,,DET00,Ford Field
6861,2024_11_LV_MIA,2024,REG,11,2024-11-17,Sunday,13:00,LV,,MIA,,Home,,,,2024111702,,,202411170mia,,401671851,,14,6,,,,,,,,,0,outdoors,grass,,,,,,,Antonio Pierce,Mike McDaniel,,MIA00,Hard Rock Stadium
6862,2024_11_LA_NE,2024,REG,11,2024-11-17,Sunday,13:00,LA,,NE,,Home,,,,2024111703,,,202411170nwe,,401671701,,6,7,,,,,,,,,0,outdoors,fieldturf,,,,,,,Sean McVay,Jerod Mayo,,BOS00,Gillette Stadium
6863,2024_11_CLE_NO,2024,REG,11,2024-11-17,Sunday,13:00,CLE,,NO,,Home,,,,2024111704,,,202411170nor,,401671746,,14,7,,,,,,,,,0,dome,sportturf,,,,,,,Kevin Stefanski,Dennis Allen,,NOR00,Mercedes-Benz Superdome
6864,2024_11_BAL_PIT,2024,REG,11,2024-11-17,Sunday,13:00,BAL,,PIT,,Home,,,,2024111705,,,202411170pit,,401671630,,10,7,,,,,,,,,1,outdoors,grass,,,,,,,John Harbaugh,Mike Tomlin,,PIT00,Acrisure Stadium
6865,2024_11_MIN_TEN,2024,REG,11,2024-11-17,Sunday,13:00,MIN,,TEN,,Home,,,,2024111706,,,202411170oti,,401671824,,7,7,,,,,,,,,0,outdoors,grass,,,,,,,Kevin O'Connell,Brian Callahan,,NAS00,Nissan Stadium
6866,2024_11_ATL_DEN,2024,REG,11,2024-11-17,Sunday,16:05,ATL,,DEN,,Home,,,,2024111707,,,202411170den,,401671748,,7,7,,,,,,,,,0,outdoors,grass,,,,,,,Raheem Morris,Sean Payton,,DEN00,Empower Field at Mile High
6867,2024_11_SEA_SF,2024,REG,11,2024-11-17,Sunday,16:05,SEA,,SF,,Home,,,,2024111708,,,202411170sfo,,401671757,,14,7,,,,,,,,,1,outdoors,grass,,,,,,,Mike Macdonald,Kyle Shanahan,,SFO01,Levi's Stadium
6868,2024_11_KC_BUF,2024,REG,11,2024-11-17,Sunday,16:25,KC,,BUF,,Home,,,,2024111709,,,202411170buf,,401671665,,7,7,,,,,,,,,0,outdoors,a_turf,,,,,,,Andy Reid,Sean McDermott,,BUF00,New Era Field
6869,2024_11_CIN_LAC,2024,REG,11,2024-11-17,Sunday,16:25,CIN,,LAC,,Home,,,,2024111710,,,202411170sdg,,401671675,,10,7,,,,,,,,,0,dome,matrixturf,,,,,,,Zac Taylor,Jim Harbaugh,,LAX01,SoFi Stadium
6870,2024_11_IND_NYJ,2024,REG,11,2024-11-17,Sunday,20:20,IND,,NYJ,,Home,,,,2024111711,,,202411170nyj,,401671782,,7,7,,,,,,,,,0,outdoors,fieldturf,,,,,,,Shane Steichen,Robert Saleh,,NYC01,MetLife Stadium
6871,2024_11_HOU_DAL,2024,REG,11,2024-11-18,Monday,20:15,HOU,,DAL,,Home,,,,2024111800,,,202411180dal,,401671694,,8,8,,,,,,,,,0,closed,matrixturf,,,,,,,DeMeco Ryans,Mike McCarthy,,DAL00,AT&T Stadium
6872,2024_12_PIT_CLE,2024,REG,12,2024-11-21,Thursday,20:15,PIT,,CLE,,Home,,,,2024112100,,,202411210cle,,401671875,,4,4,,,,,,,,,1,outdoors,grass,,,,,,,Mike Tomlin,Kevin Stefanski,,CLE00,FirstEnergy Stadium
6873,2024_12_KC_CAR,2024,REG,12,2024-11-24,Sunday,13:00,KC,,CAR,,Home,,,,2024112400,,,202411240car,,401671651,,7,14,,,,,,,,,0,outdoors,grass,,,,,,,Andy Reid,Dave Canales,,CAR00,Bank of America Stadium
6874,2024_12_MIN_CHI,2024,REG,12,2024-11-24,Sunday,13:00,MIN,,CHI,,Home,,,,2024112401,,,202411240chi,,401671870,,7,7,,,,,,,,,1,outdoors,grass,,,,,,,Kevin O'Connell,Matt Eberflus,,CHI98,Soldier Field
6875,2024_12_TEN_HOU,2024,REG,12,2024-11-24,Sunday,13:00,TEN,,HOU,,Home,,,,2024112402,,,202411240htx,,401671858,,7,6,,,,,,,,,1,closed,astroturf,,,,,,,Brian Callahan,DeMeco Ryans,,HOU00,NRG Stadium
6876,2024_12_DET_IND,2024,REG,12,2024-11-24,Sunday,13:00,DET,,IND,,Home,,,,2024112403,,,202411240clt,,401671866,,7,7,,,,,,,,,0,closed,fieldturf,,,,,,,Dan Campbell,Shane Steichen,,IND00,Lucas Oil Stadium
6877,2024_12_NE_MIA,2024,REG,12,2024-11-24,Sunday,13:00,NE,,MIA,,Home,,,,2024112404,,,202411240mia,,401671847,,7,7,,,,,,,,,1,outdoors,grass,,,,,,,Jerod Mayo,Mike McDaniel,,MIA00,Hard Rock Stadium
6878,2024_12_TB_NYG,2024,REG,12,2024-11-24,Sunday,13:00,TB,,NYG,,Home,,,,2024112405,,,202411240nyg,,401671638,,14,14,,,,,,,,,0,outdoors,fieldturf,,,,,,,Todd Bowles,Brian Daboll,,NYC01,MetLife Stadium
6879,2024_12_DAL_WAS,2024,REG,12,2024-11-24,Sunday,13:00,DAL,,WAS,,Home,,,,2024112406,,,202411240was,,401671715,,6,10,,,,,,,,,1,outdoors,grass,,,,,,,Mike McCarthy,Dan Quinn,,WAS00,FedExField
6880,2024_12_DEN_LV,2024,REG,12,2024-11-24,Sunday,16:05,DEN,,LV,,Home,,,,2024112407,,,202411240rai,,401671656,,7,7,,,,,,,,,1,dome,grass,,,,,,,Sean Payton,Antonio Pierce,,VEG00,Allegiant Stadium
6881,2024_12_SF_GB,2024,REG,12,2024-11-24,Sunday,16:25,SF,,GB,,Home,,,,2024112408,,,202411240gnb,,401671768,,7,7,,,,,,,,,0,outdoors,grass,,,,,,,Kyle Shanahan,Matt LaFleur,,GNB00,Lambeau Field
6882,2024_12_ARI_SEA,2024,REG,12,2024-11-24,Sunday,16:25,ARI,,SEA,,Home,,,,2024112409,,,202411240sea,,401671775,,14,7,,,,,,,,,1,outdoors,fieldturf,,,,,,,Jonathan Gannon,Mike Macdonald,,SEA00,Lumen Field
6883,2024_12_PHI_LA,2024,REG,12,2024-11-24,Sunday,20:20,PHI,,LA,,Home,,,,2024112410,,,202411240ram,,401671794,,10,7,,,,,,,,,0,dome,matrixturf,,,,,,,Nick Sirianni,Sean McVay,,LAX01,SoFi Stadium
6884,2024_12_BAL_LAC,2024,REG,12,2024-11-25,Monday,20:15,BAL,,LAC,,Home,,,,2024112500,,,202411250sdg,,401671689,,8,8,,,,,,,,,0,dome,matrixturf,,,,,,,John Harbaugh,Jim Harbaugh,,LAX01,SoFi Stadium
6885,2024_13_CHI_DET,2024,REG,13,2024-11-28,Thursday,12:30,CHI,,DET,,Home,,,,2024112800,,,202411280det,,401671492,,4,4,,,,,,,,,1,dome,fieldturf,,,,,,,Matt Eberflus,Dan Campbell,,DET00,Ford Field
6886,2024_13_NYG_DAL,2024,REG,13,2024-11-28,Thursday,16:30,NYG,,DAL,,Home,,,,2024112801,,,202411280dal,,401671779,,4,4,,,,,,,,,1,closed,matrixturf,,,,,,,Brian Daboll,Mike McCarthy,,DAL00,AT&T Stadium
6887,2024_13_MIA_GB,2024,REG,13,2024-11-28,Thursday,20:20,MIA,,GB,,Home,,,,2024112802,,,202411280gnb,,401671798,,4,4,,,,,,,,,0,outdoors,grass,,,,,,,Mike McDaniel,Matt LaFleur,,GNB00,Lambeau Field
6888,2024_13_LV_KC,2024,REG,13,2024-11-29,Friday,15:00,LV,,KC,,Home,,,,2024112900,,,202411290kan,,401671806,,5,5,,,,,,,,,1,outdoors,grass,,,,,,,Antonio Pierce,Andy Reid,,KAN00,GEHA Field at Arrowhead Stadium
6889,2024_13_LAC_ATL,2024,REG,13,2024-12-01,Sunday,13:00,LAC,,ATL,,Home,,,,2024120100,,,202412010atl,,401671649,,6,14,,,,,,,,,0,closed,fieldturf,,,,,,,Jim Harbaugh,Raheem Morris,,ATL97,Mercedes-Benz Stadium
6890,2024_13_PIT_CIN,2024,REG,13,2024-12-01,Sunday,13:00,PIT,,CIN,,Home,,,,2024120101,,,202412010cin,,401671627,,10,14,,,,,,,,,1,outdoors,fieldturf,,,,,,,Mike Tomlin,Zac Taylor,,CIN00,Paycor Stadium
6891,2024_13_HOU_JAX,2024,REG,13,2024-12-01,Sunday,13:00,HOU,,JAX,,Home,,,,2024120102,,,202412010jax,,401671705,,7,14,,,,,,,,,1,outdoors,grass,,,,,,,DeMeco Ryans,Doug Pederson,,JAX00,TIAA Bank Stadium
6892,2024_13_ARI_MIN,2024,REG,13,2024-12-01,Sunday,13:00,ARI,,MIN,,Home,,,,2024120103,,,202412010min,,401671726,,7,7,,,,,,,,,0,dome,sportturf,,,,,,,Jonathan Gannon,Kevin O'Connell,,MIN01,U.S. Bank Stadium
6893,2024_13_IND_NE,2024,REG,13,2024-12-01,Sunday,13:00,IND,,NE,,Home,,,,2024120104,,,202412010nwe,,401671620,,7,7,,,,,,,,,0,outdoors,fieldturf,,,,,,,Shane Steichen,Jerod Mayo,,BOS00,Gillette Stadium
6894,2024_13_SEA_NYJ,2024,REG,13,2024-12-01,Sunday,13:00,SEA,,NYJ,,Home,,,,2024120105,,,202412010nyj,,401671703,,7,14,,,,,,,,,0,outdoors,fieldturf,,,,,,,Mike Macdonald,Robert Saleh,,NYC01,MetLife Stadium
6895,2024_13_TEN_WAS,2024,REG,13,2024-12-01,Sunday,13:00,TEN,,WAS,,Home,,,,2024120106,,,202412010was,,401671743,,7,7,,,,,,,,,0,outdoors,grass,,,,,,,Brian Callahan,Dan Quinn,,WAS00,FedExField
6896,2024_13_TB_CAR,2024,REG,13,2024-12-01,Sunday,16:05,TB,,CAR,,Home,,,,2024120107,,,202412010car,,401671752,,7,7,,,,,,,,,1,outdoors,grass,,,,,,,Todd Bowles,Dave Canales,,CAR00,Bank of America Stadium
6897,2024_13_LA_NO,2024,REG,13,2024-12-01,Sunday,16:05,LA,,NO,,Home,,,,2024120108,,,202412010nor,,401671753,,7,14,,,,,,,,,0,dome,sportturf,,,,,,,Sean McVay,Dennis Allen,,NOR00,Mercedes-Benz Superdome
6898,2024_13_PHI_BAL,2024,REG,13,2024-12-01,Sunday,16:25,PHI,,BAL,,Home,,,,2024120109,,,202412010rav,,401671666,,7,6,,,,,,,,,0,outdoors,grass,,,,,,,Nick Sirianni,John Harbaugh,,BAL00,M&T Bank Stadium
6899,2024_13_SF_BUF,2024,REG,13,2024-12-01,Sunday,20:20,SF,,BUF,,Home,,,,2024120110,,,202412010buf,,401671781,,7,14,,,,,,,,,0,outdoors,a_turf,,,,,,,Kyle Shanahan,Sean McDermott,,BUF00,New Era Field
6900,2024_13_CLE_DEN,2024,REG,13,2024-12-02,Monday,20:15,CLE,,DEN,,Home,,,,2024120200,,,202412020den,,401671686,,11,8,,,,,,,,,0,outdoors,grass,,,,,,,Kevin Stefanski,Sean Payton,,DEN00,Empower Field at Mile High
6901,2024_14_GB_DET,2024,REG,14,2024-12-05,Thursday,20:15,GB,,DET,,Home,,,,2024120500,,,202412050det,,401671814,,7,7,,,,,,,,,1,dome,fieldturf,,,,,,,Matt LaFleur,Dan Campbell,,DET00,Ford Field
6902,2024_14_NYJ_MIA,2024,REG,14,2024-12-08,Sunday,13:00,NYJ,,MIA,,Home,,,,2024120800,,,202412080mia,,401671848,,7,10,,,,,,,,,1,outdoors,grass,,,,,,,Robert Saleh,Mike McDaniel,,MIA00,Hard Rock Stadium
6903,2024_14_ATL_MIN,2024,REG,14,2024-12-08,Sunday,13:00,ATL,,MIN,,Home,,,,2024120801,,,202412080min,,401671648,,7,7,,,,,,,,,0,dome,sportturf,,,,,,,Raheem Morris,Kevin O'Connell,,MIN01,U.S. Bank Stadium
6904,2024_14_NO_NYG,2024,REG,14,2024-12-08,Sunday,13:00,NO,,NYG,,Home,,,,2024120802,,,202412080nyg,,401671601,,7,10,,,,,,,,,0,outdoors,fieldturf,,,,,,,Dennis Allen,Brian Daboll,,NYC01,MetLife Stadium
6905,2024_14_CAR_PHI,2024,REG,14,2024-12-08,Sunday,13:00,CAR,,PHI,,Home,,,,2024120803,,,202412080phi,,401671713,,7,7,,,,,,,,,0,outdoors,grass,,,,,,,Dave Canales,Nick Sirianni,,PHI00,Lincoln Financial Field
6906,2024_14_CLE_PIT,2024,REG,14,2024-12-08,Sunday,13:00,CLE,,PIT,,Home,,,,2024120804,,,202412080pit,,401671631,,6,7,,,,,,,,,1,outdoors,grass,,,,,,,Kevin Stefanski,Mike Tomlin,,PIT00,Acrisure Stadium
6907,2024_14_LV_TB,2024,REG,14,2024-12-08,Sunday,13:00,LV,,TB,,Home,,,,2024120805,,,202412080tam,,401671654,,9,7,,,,,,,,,0,outdoors,grass,,,,,,,Antonio Pierce,Todd Bowles,,TAM00,Raymond James Stadium
6908,2024_14_JAX_TEN,2024,REG,14,2024-12-08,Sunday,13:00,JAX,,TEN,,Home,,,,2024120806,,,202412080oti,,401671821,,7,7,,,,,,,,,1,outdoors,grass,,,,,,,Doug Pederson,Brian Callahan,,NAS00,Nissan Stadium
6909,2024_14_SEA_ARI,2024,REG,14,2024-12-08,Sunday,16:05,SEA,,ARI,,Home,,,,2024120807,,,202412080crd,,401671660,,7,7,,,,,,,,,1,closed,grass,,,,,,,Mike Macdonald,Jonathan Gannon,,PHO00,State Farm Stadium
6910,2024_14_BUF_LA,2024,REG,14,2024-12-08,Sunday,16:25,BUF,,LA,,Home,,,,2024120808,,,202412080ram,,401671773,,7,7,,,,,,,,,0,dome,matrixturf,,,,,,,Sean McDermott,Sean McVay,,LAX01,SoFi Stadium
6911,2024_14_CHI_SF,2024,REG,14,2024-12-08,Sunday,16:25,CHI,,SF,,Home,,,,2024120809,,,202412080sfo,,401671774,,10,7,,,,,,,,,0,outdoors,grass,,,,,,,Matt Eberflus,Kyle Shanahan,,SFO01,Levi's Stadium
6912,2024_14_LAC_KC,2024,REG,14,2024-12-08,Sunday,20:20,LAC,,KC,,Home,,,,2024120810,,,202412080kan,,401671788,,7,9,,,,,,,,,1,outdoors,grass,,,,,,,Jim Harbaugh,Andy Reid,,KAN00,GEHA Field at Arrowhead Stadium
6913,2024_14_CIN_DAL,2024,REG,14,2024-12-09,Monday,20:15,CIN,,DAL,,Home,,,,2024120900,,,202412090dal,,401671690,,8,11,,,,,,,,,0,closed,matrixturf,,,,,,,Zac Taylor,Mike McCarthy,,DAL00,AT&T Stadium
6914,2024_15_LA_SF,2024,REG,15,2024-12-12,Thursday,20:15,LA,,SF,,Home,,,,2024121200,,,202412120sfo,,401671818,,4,4,,,,,,,,,1,outdoors,grass,,,,,,,Sean McVay,Kyle Shanahan,,SFO01,Levi's Stadium
6915,2024_15_DAL_CAR,2024,REG,15,2024-12-15,Sunday,13:00,DAL,,CAR,,Home,,,,2024121500,,,202412150car,,401671731,,6,7,,,,,,,,,0,outdoors,grass,,,,,,,Mike McCarthy,Dave Canales,,CAR00,Bank of America Stadium
6916,2024_15_KC_CLE,2024,REG,15,2024-12-15,Sunday,13:00,KC,,CLE,,Home,,,,2024121501,,,202412150cle,,401671854,,7,7,,,,,,,,,0,outdoors,grass,,,,,,,Andy Reid,Kevin Stefanski,,CLE00,FirstEnergy Stadium
6917,2024_15_MIA_HOU,2024,REG,15,2024-12-15,Sunday,13:00,MIA,,HOU,,Home,,,,2024121502,,,202412150htx,,401671860,,7,14,,,,,,,,,0,closed,astroturf,,,,,,,Mike McDaniel,DeMeco Ryans,,HOU00,NRG Stadium
6918,2024_15_NYJ_JAX,2024,REG,15,2024-12-15,Sunday,13:00,NYJ,,JAX,,Home,,,,2024121503,,,202412150jax,,401671706,,7,7,,,,,,,,,0,outdoors,grass,,,,,,,Robert Saleh,Doug Pederson,,JAX00,TIAA Bank Stadium
6919,2024_15_WAS_NO,2024,REG,15,2024-12-15,Sunday,13:00,WAS,,NO,,Home,,,,2024121504,,,202412150nor,,401671737,,14,7,,,,,,,,,0,dome,sportturf,,,,,,,Dan Quinn,Dennis Allen,,NOR00,Mercedes-Benz Superdome
6920,2024_15_BAL_NYG,2024,REG,15,2024-12-15,Sunday,13:00,BAL,,NYG,,Home,,,,2024121505,,,202412150nyg,,401671639,,14,7,,,,,,,,,0,outdoors,fieldturf,,,,,,,John Harbaugh,Brian Daboll,,NYC01,MetLife Stadium
6921,2024_15_CIN_TEN,2024,REG,15,2024-12-15,Sunday,13:00,CIN,,TEN,,Home,,,,2024121506,,,202412150oti,,401671825,,6,7,,,,,,,,,0,outdoors,grass,,,,,,,Zac Taylor,Brian Callahan,,NAS00,Nissan Stadium
6922,2024_15_NE_ARI,2024,REG,15,2024-12-15,Sunday,16:25,NE,,ARI,,Home,,,,2024121507,,,202412150crd,,401671677,,14,7,,,,,,,,,0,closed,grass,,,,,,,Jerod Mayo,Jonathan Gannon,,PHO00,State Farm Stadium
6923,2024_15_IND_DEN,2024,REG,15,2024-12-15,Sunday,16:25,IND,,DEN,,Home,,,,2024121508,,,202412150den,,401671669,,14,13,,,,,,,,,0,outdoors,grass,,,,,,,Shane Steichen,Sean Payton,,DEN00,Empower Field at Mile High
6924,2024_15_BUF_DET,2024,REG,15,2024-12-15,Sunday,16:25,BUF,,DET,,Home,,,,2024121509,,,202412150det,,401671681,,7,10,,,,,,,,,0,dome,fieldturf,,,,,,,Sean McDermott,Dan Campbell,,DET00,Ford Field
6925,2024_15_TB_LAC,2024,REG,15,2024-12-15,Sunday,16:25,TB,,LAC,,Home,,,,2024121510,,,202412150sdg,,401671762,,7,7,,,,,,,,,0,dome,matrixturf,,,,,,,Todd Bowles,Jim Harbaugh,,LAX01,SoFi Stadium
6926,2024_15_PIT_PHI,2024,REG,15,2024-12-15,Sunday,16:25,PIT,,PHI,,Home,,,,2024121511,,,202412150phi,,401671766,,7,7,,,,,,,,,0,outdoors,grass,,,,,,,Mike Tomlin,Nick Sirianni,,PHI00,Lincoln Financial Field
6927,2024_15_GB_SEA,2024,REG,15,2024-12-15,Sunday,20:20,GB,,SEA,,Home,,,,2024121512,,,202412150sea,,401671796,,10,7,,,,,,,,,0,outdoors,fieldturf,,,,,,,Matt LaFleur,Mike Macdonald,,SEA00,Lumen Field
6928,2024_15_CHI_MIN,2024,REG,15,2024-12-16,Monday,20:00,CHI,,MIN,,Home,,,,2024121600,,,202412160min,,401671489,,8,8,,,,,,,,,1,dome,sportturf,,,,,,,Matt Eberflus,Kevin O'Connell,,MIN01,U.S. Bank Stadium
6929,2024_15_ATL_LV,2024,REG,15,2024-12-16,Monday,20:30,ATL,,LV,,Home,,,,2024121601,,,202412160rai,,401671697,,8,8,,,,,,,,,0,dome,grass,,,,,,,Raheem Morris,Antonio Pierce,,VEG00,Allegiant Stadium
6930,2024_16_CLE_CIN,2024,REG,16,2024-12-19,Thursday,20:15,CLE,,CIN,,Home,,,,2024121900,,,202412190cin,,401671811,,4,4,,,,,,,,,1,outdoors,fieldturf,,,,,,,Kevin Stefanski,Zac Taylor,,CIN00,Paycor Stadium
6931,2024_16_HOU_KC,2024,REG,16,2024-12-21,Saturday,13:00,HOU,,KC,,Home,,,,2024122100,,,202412210kan,,401671780,,6,6,,,,,,,,,0,outdoors,grass,,,,,,,DeMeco Ryans,Andy Reid,,KAN00,GEHA Field at Arrowhead Stadium
6932,2024_16_PIT_BAL,2024,REG,16,2024-12-21,Saturday,16:30,PIT,,BAL,,Home,,,,2024122101,,,202412210rav,,401671778,,6,6,,,,,,,,,1,outdoors,grass,,,,,,,Mike Tomlin,John Harbaugh,,BAL00,M&T Bank Stadium
6933,2024_16_NYG_ATL,2024,REG,16,2024-12-22,Sunday,13:00,NYG,,ATL,,Home,,,,2024122200,,,202412220atl,,401671729,,7,6,,,,,,,,,0,closed,fieldturf,,,,,,,Brian Daboll,Raheem Morris,,ATL97,Mercedes-Benz Stadium
6934,2024_16_NE_BUF,2024,REG,16,2024-12-22,Sunday,13:00,NE,,BUF,,Home,,,,2024122201,,,202412220buf,,401671494,,7,7,,,,,,,,,1,outdoors,a_turf,,,,,,,Jerod Mayo,Sean McDermott,,BUF00,New Era Field
6935,2024_16_ARI_CAR,2024,REG,16,2024-12-22,Sunday,13:00,ARI,,CAR,,Home,,,,2024122202,,,202412220car,,401671732,,7,7,,,,,,,,,0,outdoors,grass,,,,,,,Jonathan Gannon,Dave Canales,,CAR00,Bank of America Stadium
6936,2024_16_DET_CHI,2024,REG,16,2024-12-22,Sunday,13:00,DET,,CHI,,Home,,,,2024122203,,,202412220chi,,401671868,,7,6,,,,,,,,,1,outdoors,grass,,,,,,,Dan Campbell,Matt Eberflus,,CHI98,Soldier Field
6937,2024_16_TEN_IND,2024,REG,16,2024-12-22,Sunday,13:00,TEN,,IND,,Home,,,,2024122204,,,202412220clt,,401671862,,7,7,,,,,,,,,1,closed,fieldturf,,,,,,,Brian Callahan,Shane Steichen,,IND00,Lucas Oil Stadium
6938,2024_16_LA_NYJ,2024,REG,16,2024-12-22,Sunday,13:00,LA,,NYJ,,Home,,,,2024122205,,,202412220nyj,,401671621,,10,7,,,,,,,,,0,outdoors,fieldturf,,,,,,,Sean McVay,Robert Saleh,,NYC01,MetLife Stadium
6939,2024_16_PHI_WAS,2024,REG,16,2024-12-22,Sunday,13:00,PHI,,WAS,,Home,,,,2024122206,,,202412220was,,401671717,,7,7,,,,,,,,,1,outdoors,grass,,,,,,,Nick Sirianni,Dan Quinn,,WAS00,FedExField
6940,2024_16_DEN_LAC,2024,REG,16,2024-12-22,Sunday,16:05,DEN,,LAC,,Home,,,,2024122207,,,202412220sdg,,401671749,,7,7,,,,,,,,,1,dome,matrixturf,,,,,,,Sean Payton,Jim Harbaugh,,LAX01,SoFi Stadium
6941,2024_16_MIN_SEA,2024,REG,16,2024-12-22,Sunday,16:05,MIN,,SEA,,Home,,,,2024122208,,,202412220sea,,401671759,,6,7,,,,,,,,,0,outdoors,fieldturf,,,,,,,Kevin O'Connell,Mike Macdonald,,SEA00,Lumen Field
6942,2024_16_JAX_LV,2024,REG,16,2024-12-22,Sunday,16:25,JAX,,LV,,Home,,,,2024122209,,,202412220rai,,401671673,,7,6,,,,,,,,,0,dome,grass,,,,,,,Doug Pederson,Antonio Pierce,,VEG00,Allegiant Stadium
6943,2024_16_SF_MIA,2024,REG,16,2024-12-22,Sunday,16:25,SF,,MIA,,Home,,,,2024122210,,,202412220mia,,401671874,,10,7,,,,,,,,,0,outdoors,grass,,,,,,,Kyle Shanahan,Mike McDaniel,,MIA00,Hard Rock Stadium
6944,2024_16_TB_DAL,2024,REG,16,2024-12-22,Sunday,20:20,TB,,DAL,,Home,,,,2024122211,,,202412220dal,,401671790,,7,7,,,,,,,,,0,closed,matrixturf,,,,,,,Todd Bowles,Mike McCarthy,,DAL00,AT&T Stadium
6945,2024_16_NO_GB,2024,REG,16,2024-12-23,Monday,20:15,NO,,GB,,Home,,,,2024122300,,,202412230gnb,,401671692,,8,8,,,,,,,,,0,outdoors,grass,,,,,,,Dennis Allen,Matt LaFleur,,GNB00,Lambeau Field
6946,2024_17_KC_PIT,2024,REG,17,2024-12-25,Wednesday,13:00,KC,,PIT,,Home,,,,2024122500,,,202412250pit,,401671799,,4,4,,,,,,,,,0,outdoors,grass,,,,,,,Andy Reid,Mike Tomlin,,PIT00,Acrisure Stadium
6947,2024_17_BAL_HOU,2024,REG,17,2024-12-25,Wednesday,16:30,BAL,,HOU,,Home,,,,2024122501,,,202412250htx,,401671800,,4,4,,,,,,,,,0,closed,astroturf,,,,,,,John Harbaugh,DeMeco Ryans,,HOU00,NRG Stadium
6948,2024_17_SEA_CHI,2024,REG,17,2024-12-26,Thursday,20:15,SEA,,CHI,,Home,,,,2024122600,,,202412260chi,,401671876,,4,4,,,,,,,,,0,outdoors,grass,,,,,,,Mike Macdonald,Matt Eberflus,,CHI98,Soldier Field
6949,2024_17_NYJ_BUF,2024,REG,17,2024-12-29,Sunday,13:00,NYJ,,BUF,,Home,,,,2024122900,,,202412290buf,,401671495,,7,7,,,,,,,,,1,outdoors,a_turf,,,,,,,Robert Saleh,Sean McDermott,,BUF00,New Era Field
6950,2024_17_DEN_CIN,2024,REG,17,2024-12-29,Sunday,13:00,DEN,,CIN,,Home,,,,2024122900,,,202412290cin,,401671835,,7,10,,,,,,,,,0,outdoors,fieldturf,,,,,,,Sean Payton,Zac Taylor,,CIN00,Paycor Stadium
6951,2024_17_TEN_JAX,2024,REG,17,2024-12-29,Sunday,13:00,TEN,,JAX,,Home,,,,2024122901,,,202412290jax,,401671634,,7,7,,,,,,,,,1,outdoors,grass,,,,,,,Brian Callahan,Doug Pederson,,JAX00,TIAA Bank Stadium
6952,2024_17_ARI_LA,2024,REG,17,2024-12-29,Sunday,13:00,ARI,,LA,,Home,,,,2024122901,,,202412290ram,,401671829,,7,7,,,,,,,,,1,dome,matrixturf,,,,,,,Jonathan Gannon,Sean McVay,,LAX01,SoFi Stadium
6953,2024_17_GB_MIN,2024,REG,17,2024-12-29,Sunday,13:00,GB,,MIN,,Home,,,,2024122902,,,202412290min,,401671725,,6,7,,,,,,,,,1,dome,sportturf,,,,,,,Matt LaFleur,Kevin O'Connell,,MIN01,U.S. Bank Stadium
6954,2024_17_LAC_NE,2024,REG,17,2024-12-29,Sunday,13:00,LAC,,NE,,Home,,,,2024122902,,,202412290nwe,,401671832,,7,7,,,,,,,,,0,outdoors,fieldturf,,,,,,,Jim Harbaugh,Jerod Mayo,,BOS00,Gillette Stadium
6955,2024_17_LV_NO,2024,REG,17,2024-12-29,Sunday,13:00,LV,,NO,,Home,,,,2024122903,,,202412290nor,,401671738,,7,6,,,,,,,,,0,dome,sportturf,,,,,,,Antonio Pierce,Dennis Allen,,NOR00,Mercedes-Benz Superdome
6956,2024_17_IND_NYG,2024,REG,17,2024-12-29,Sunday,13:00,IND,,NYG,,Home,,,,2024122903,,,202412290nyg,,401671846,,7,7,,,,,,,,,0,outdoors,fieldturf,,,,,,,Shane Steichen,Brian Daboll,,NYC01,MetLife Stadium
6957,2024_17_CAR_TB,2024,REG,17,2024-12-29,Sunday,13:00,CAR,,TB,,Home,,,,2024122904,,,202412290tam,,401671653,,7,7,,,,,,,,,1,outdoors,grass,,,,,,,Dave Canales,Todd Bowles,,TAM00,Raymond James Stadium
6958,2024_17_ATL_WAS,2024,REG,17,2024-12-29,Sunday,13:00,ATL,,WAS,,Home,,,,2024122904,,,202412290was,,401671842,,7,7,,,,,,,,,0,outdoors,grass,,,,,,,Raheem Morris,Dan Quinn,,WAS00,FedExField
6959,2024_17_DAL_PHI,2024,REG,17,2024-12-29,Sunday,16:25,DAL,,PHI,,Home,,,,2024122905,,,202412290phi,,401671765,,7,7,,,,,,,,,1,outdoors,grass,,,,,,,Mike McCarthy,Nick Sirianni,,PHI00,Lincoln Financial Field
6960,2024_17_MIA_CLE,2024,REG,17,2024-12-29,Sunday,20:20,MIA,,CLE,,Home,,,,2024122906,,,202412290cle,,401671877,,7,10,,,,,,,,,0,outdoors,grass,,,,,,,Mike McDaniel,Kevin Stefanski,,CLE00,FirstEnergy Stadium
6961,2024_17_DET_SF,2024,REG,17,2024-12-30,Monday,20:15,DET,,SF,,Home,,,,2024123000,,,202412300sfo,,401671698,,8,8,,,,,,,,,0,outdoors,grass,,,,,,,Dan Campbell,Kyle Shanahan,,SFO01,Levi's Stadium
6962,2024_18_SF_ARI,2024,REG,18,2025-01-05,Sunday,13:00,SF,,ARI,,Home,,,,2025010500,,,202501050crd,,401671845,,6,7,,,,,,,,,1,closed,grass,,,,,,,Kyle Shanahan,Jonathan Gannon,,PHO00,State Farm Stadium
6963,2024_18_CAR_ATL,2024,REG,18,2025-01-05,Sunday,13:00,CAR,,ATL,,Home,,,,2025010501,,,202501050atl,,401671827,,7,7,,,,,,,,,1,closed,fieldturf,,,,,,,Dave Canales,Raheem Morris,,ATL97,Mercedes-Benz Stadium
6964,2024_18_CLE_BAL,2024,REG,18,2025-01-05,Sunday,13:00,CLE,,BAL,,Home,,,,2025010502,,,202501050rav,,401671834,,7,11,,,,,,,,,1,outdoors,grass,,,,,,,Kevin Stefanski,John Harbaugh,,BAL00,M&T Bank Stadium
6965,2024_18_WAS_DAL,2024,REG,18,2025-01-05,Sunday,13:00,WAS,,DAL,,Home,,,,2025010503,,,202501050dal,,401671840,,7,7,,,,,,,,,1,closed,matrixturf,,,,,,,Dan Quinn,Mike McCarthy,,DAL00,AT&T Stadium
6966,2024_18_KC_DEN,2024,REG,18,2025-01-05,Sunday,13:00,KC,,DEN,,Home,,,,2025010504,,,202501050den,,401671838,,11,7,,,,,,,,,1,outdoors,grass,,,,,,,Andy Reid,Sean Payton,,DEN00,Empower Field at Mile High
6967,2024_18_MIN_DET,2024,REG,18,2025-01-05,Sunday,13:00,MIN,,DET,,Home,,,,2025010505,,,202501050det,,401671843,,7,6,,,,,,,,,1,dome,fieldturf,,,,,,,Kevin O'Connell,Dan Campbell,,DET00,Ford Field
6968,2024_18_CHI_GB,2024,REG,18,2025-01-05,Sunday,13:00,CHI,,GB,,Home,,,,2025010506,,,202501050gnb,,401671844,,10,7,,,,,,,,,1,outdoors,grass,,,,,,,Matt Eberflus,Matt LaFleur,,GNB00,Lambeau Field
6969,2024_18_JAX_IND,2024,REG,18,2025-01-05,Sunday,13:00,JAX,,IND,,Home,,,,2025010507,,,202501050clt,,401671837,,7,7,,,,,,,,,1,closed,fieldturf,,,,,,,Doug Pederson,Shane Steichen,,IND00,Lucas Oil Stadium
6970,2024_18_SEA_LA,2024,REG,18,2025-01-05,Sunday,13:00,SEA,,LA,,Home,,,,2025010508,,,202501050ram,,401671830,,10,7,,,,,,,,,1,dome,matrixturf,,,,,,,Mike Macdonald,Sean McVay,,LAX01,SoFi Stadium
6971,2024_18_LAC_LV,2024,REG,18,2025-01-05,Sunday,13:00,LAC,,LV,,Home,,,,2025010509,,,202501050rai,,401671839,,7,7,,,,,,,,,1,dome,grass,,,,,,,Jim Harbaugh,Antonio Pierce,,VEG00,Allegiant Stadium
6972,2024_18_BUF_NE,2024,REG,18,2025-01-05,Sunday,13:00,BUF,,NE,,Home,,,,2025010510,,,202501050nwe,,401671831,,7,7,,,,,,,,,1,outdoors,fieldturf,,,,,,,Sean McDermott,Jerod Mayo,,BOS00,Gillette Stadium
6973,2024_18_MIA_NYJ,2024,REG,18,2025-01-05,Sunday,13:00,MIA,,NYJ,,Home,,,,2025010511,,,202501050nyj,,401671833,,7,7,,,,,,,,,1,outdoors,fieldturf,,,,,,,Mike McDaniel,Robert Saleh,,NYC01,MetLife Stadium
6974,2024_18_NYG_PHI,2024,REG,18,2025-01-05,Sunday,13:00,NYG,,PHI,,Home,,,,2025010512,,,202501050phi,,401671841,,7,7,,,,,,,,,1,outdoors,grass,,,,,,,Brian Daboll,Nick Sirianni,,PHI00,Lincoln Financial Field
6975,2024_18_CIN_PIT,2024,REG,18,2025-01-05,Sunday,13:00,CIN,,PIT,,Home,,,,2025010513,,,202501050pit,,401671836,,7,11,,,,,,,,,1,outdoors,grass,,,,,,,Zac Taylor,Mike Tomlin,,PIT00,Acrisure Stadium
6976,2024_18_NO_TB,2024,REG,18,2025-01-05,Sunday,13:00,NO,,TB,,Home,,,,2025010514,,,202501050tam,,401671828,,7,7,,,,,,,,,1,outdoors,grass,,,,,,,Dennis Allen,Todd Bowles,,TAM00,Raymond James Stadium
6977,2024_18_HOU_TEN,2024,REG,18,2025-01-05,Sunday,13:00,HOU,,TEN,,Home,,,,2025010515,,,202501050oti,,401671826,,11,7,,,,,,,,,1,outdoors,grass,,,,,,,DeMeco Ryans,Brian Callahan,,NAS00,Nissan Stadium
